SYMBOL,SERIES,CLOSE PRICE,TRADED VALUE ,TRADED QUANTITY
20MICRONS,EQ,52.15,4176274.35,79203
21STCENMGM,BE,42.75,67758.75,1585
3IINFOTECH,EQ,5.6,31804507.85,5588805
3MINDIA,EQ,19922.35,38847187.6,1921
5PAISA,EQ,341.3,8581747.55,25153
63MOONS,EQ,95,127301637.3,1343715
8KMILES,EQ,809.9,1344361622,1607492
A2ZINFRA,EQ,32.75,42578320.75,1286020
AARTIDRUGS,EQ,648.8,3612296.05,5556
AARTIIND,EQ,1169,21461415.35,18365
AARVEEDEN,EQ,51.4,1794069.7,34816
AARVI,SM,92.4,557700,6000
ABAN,EQ,173.7,182662066,1039243
ABBOTINDIA,EQ,5518.15,86229752.5,15235
ABCAPITAL,EQ,164.5,205933185,1249920
ABFRL,EQ,155,33069481.95,212669
ABGSHIP,BZ,11.2,227183.85,20505
ABMINTLTD,BE,49.45,55459,1157
ACCELYA,EQ,1374.05,6703364.25,4853
ACCORD,SM,46,274300,6000
ACE,EQ,184.4,255983600.9,1384373
ACEINTEG,SM,47,141000,3000
ADANIENT,EQ,207.8,1148323664,5458989
ADANIPOWER,EQ,32.35,224476411.9,6906543
ADANITRANS,EQ,203.8,138596201.5,678670
ADFFOODS,EQ,250.8,91295255.45,355250
ADHUNIK,EQ,4.75,281085.3,57382
ADHUNIKIND,EQ,88.25,164928.55,1893
ADLABS,EQ,56.6,3039425.4,53300
ADORWELD,EQ,436,3784570.6,8568
ADSL,EQ,24.5,3137993.75,128228
ADVANIHOTR,EQ,64.45,3071639.3,47382
ADVENZYMES,EQ,241.15,46137335.8,191607
AEGISCHEM,EQ,263.1,31342900.45,117308
AFL,EQ,51,363828.15,7073
AGARIND,BE,426.55,386242.05,903
AGCNET,EQ,128.75,1277604.4,9888
AGLSL,EQ,110.8,1818195.8,16164
AGRITECH,EQ,147.9,12294958.65,81940
AGROPHOS,SM,37.65,904800,24000
AHLEAST,BE,290.75,361203.15,1232
AHLUCONT,EQ,346.25,12818250.65,37104
AHLWEST,EQ,258.95,727774.4,2836
AIAENG,EQ,1450.05,32684069,22523
AICHAMP,BE,33.6,58094.6,1876
AIFL,EQ,478.15,134809838.4,281829
AIROLAM,SM,46.2,1537800,33000
AISL,SM,123.05,1798680,14400
AJANTPHARM,EQ,1391.75,159926020.7,114831
AJMERA,EQ,234.7,63034858.85,263682
AJOONI,SM,37,918400,24000
AKSHARCHEM,EQ,644.55,9415336,14455
AKSHOPTFBR,EQ,38.85,41493712.95,1062962
AKZOINDIA,EQ,1828.95,14644566.3,8066
ALANKIT,EQ,51.45,15895229.5,303230
ALBERTDAVD,BE,384.15,1208426.25,3141
ALBK,EQ,54.85,347141848.8,6356502
ALCHEM,BE,12.1,18241.45,1504
ALEMBICLTD,EQ,61.05,29876812.25,484364
ALICON,EQ,621.95,1375137.75,2211
ALKALI,EQ,85.15,2582310.6,29781
ALKEM,EQ,2164.4,31077137,14370
ALKYLAMINE,EQ,625.7,1097237.85,1762
ALLCARGO,EQ,175.7,57466563.75,324031
ALLSEC,EQ,379.95,9936376,26166
ALMONDZ,EQ,28.8,626486,21284
ALOKTEXT,EQ,3.35,11270327.2,3350932
ALPA,EQ,44.75,6757716.3,151355
ALPHAGEO,EQ,815.6,19656588.6,23813
ALPSINDUS,EQ,4.7,378151,80999
AMARAJABAT,EQ,815.75,288864036.1,351943
AMBER,EQ,1158.5,111196798.7,95391
AMBIKCO,EQ,1329.15,6988915,5281
AMDIND,EQ,35.1,1858346.55,52080
AMJLAND,EQ,27.8,527584,19052
AMJUMBO,SM,65,2639600,40000
AMRUTANJAN,EQ,585.45,1355122.45,2291
AMTEKAUTO,EQ,23.5,10428913.4,446199
ANANTRAJ,EQ,59.05,52476153.55,882204
ANDHRABANK,EQ,46.6,111944458.3,2402584
ANDHRACEMT,EQ,11.35,2440187.9,215365
ANDHRSUGAR,EQ,490.55,25577191.35,52040
ANGIND,EQ,5.9,64550.7,11040
ANIKINDS,EQ,43,2971773.8,66105
ANSALAPI,EQ,23.45,1875072.35,79919
ANSALHSG,EQ,23.9,2588398.25,108501
ANTGRAPHIC,BE,1,33194.8,34734
APARINDS,EQ,782.8,6158859.65,7840
APCL,EQ,193.65,1507226.1,7689
APCOTEXIND,EQ,505.6,6428110.2,12562
APEX,EQ,686.85,198570794.8,284331
APLAPOLLO,EQ,2068.75,30048214.5,14540
APLLTD,EQ,576.45,20861064.2,36406
APOLLO,EQ,302.75,30206108.2,98752
APOLLOHOSP,EQ,1141.85,1345779996,1146020
APOLLOTYRE,EQ,261.3,642433390.7,2417120
APOLSINHOT,EQ,1465.35,727463.6,486
APTECHT,EQ,307.1,219175204.5,703771
ARCHIDPLY,EQ,96.15,3568755.2,36626
ARCHIES,EQ,37.95,6290280.5,163890
ARCOTECH,EQ,45.4,8865317.05,194484
ARIES,EQ,208.7,8616091.4,40730
ARIHANT,BE,46.2,37117.55,802
ARIHANTSUP,EQ,147.85,21553837.05,145329
ARMANFIN,EQ,284,2365003.2,8232
AROGRANITE,EQ,65.85,3624976.25,54931
ARROWGREEN,EQ,413.65,9216305.65,21879
ARROWTEX,EQ,41.8,1343031.35,32079
ARSHIYA,EQ,94.95,9154917.35,94215
ARSSINFRA,BE,54.2,2011317.65,37796
ARVIND,EQ,386.2,524189881.7,1336988
ARVSMART,EQ,183.85,3927235.45,21259
ASAHIINDIA,EQ,337.75,2513451.8,7386
ASAHISONG,EQ,350.55,3779078.3,10669
ASAL,EQ,82.1,1398214.05,16890
ASHAPURMIN,EQ,83.7,15716570.7,185037
ASHIANA,EQ,178.2,20931735.35,117690
ASHIMASYN,EQ,27.9,6600927.05,231251
ASHOKA,EQ,222.2,29081941.9,129678
ASIANHOTNR,BE,273,7696067.65,28260
ASIANTILES,EQ,516.6,28089986.95,53386
ASPINWALL,EQ,426.25,1138695,2653
ASSAMCO,EQ,5,2543741.55,513595
ASTEC,EQ,572.8,11710156,20325
ASTRAL,EQ,764,20925392.65,27259
ASTRAMICRO,EQ,104.95,71972225.5,685132
ASTRAZEN,EQ,1028.3,1845885.5,1787
ASTRON,EQ,131.55,28295613.3,215751
ATFL,EQ,636.55,9069863.65,14230
ATLANTA,EQ,94.8,24643952.15,258900
ATLASCYCLE,BE,186.35,462845.45,2487
ATUL,EQ,2712.1,8943415,3295
ATULAUTO,EQ,414.9,53353151.15,127111
AUBANK,EQ,583,45509682.8,77873
AURIONPRO,EQ,208.7,14357789.7,67697
AUSOMENT,EQ,73.3,5740276.35,76586
AUTOAXLES,EQ,1669.2,13509115,8099
AUTOIND,EQ,92,3349608.55,36076
AUTOLITIND,EQ,75.7,2937099.95,37924
AVADHSUGAR,EQ,777.8,35443448,45315
AVANTIFEED,EQ,2342.35,151308684.6,64492
AVTNPL,EQ,42,6359973.85,149407
AXISCADES,EQ,174.15,20075417.4,115777
AXISGOLD,EQ,2702,1077960.2,399
AXISNIFTY,EQ,1055.46,115854.31,110
AYMSYNTEX,EQ,65.95,1931532.25,28992
BAFNAPHARM,EQ,28,2640402.4,93981
BAGFILMS,EQ,5.9,690664.9,116330
BAJAJCORP,EQ,489.75,4776924.2,9727
BAJAJELEC,EQ,505.55,173102819.6,345462
BAJAJHIND,EQ,13.2,21320005.75,1605212
BAJAJHLDNG,EQ,2738.1,27372825.4,9992
BALAJITELE,EQ,141.75,6241670.35,43805
BALAMINES,EQ,650.15,18217260.35,27813
BALKRISHNA,EQ,73.85,1417286.25,18958
BALKRISIND,EQ,1125.35,644217892.8,561346
BALLARPUR,EQ,13.75,16448869.35,1188607
BALMLAWRIE,EQ,232.8,12662676.15,53908
BALPHARMA,EQ,91.5,4042711.7,43908
BALRAMCHIN,EQ,116.65,188644603.4,1596326
BANARBEADS,EQ,63.5,227853.85,3514
BANARISUG,EQ,1769.25,486374.7,275
BANCOINDIA,EQ,226.45,11529289.8,50546
BANG,EQ,32.95,409636.9,12214
BANKBEES,EQ,2564.24,179253773,69882
BANKINDIA,EQ,130.45,795192447.7,6105039
BANSAL,SM,119.6,5354250,45000
BANSWRAS,EQ,115.35,576556.85,4974
BARTRONICS,EQ,13.05,556225.1,42390
BASF,EQ,1991.85,27987643,13828
BASML,EQ,282.5,454182.85,1598
BATAINDIA,EQ,700.25,439124789,614759
BAYERCROP,EQ,3882.9,37532556.8,9670
BBL,EQ,1424.15,26705966.95,18428
BBTC,EQ,1522.45,696717434.1,463471
BCONCEPTS,SM,55,1527000,27000
BEARDSELL,EQ,58.9,795121.8,13042
BEDMUTHA,EQ,24.6,1075383.55,42940
BEML,EQ,1268.35,638980858.5,496911
BEPL,EQ,171.8,125773398.6,735680
BERGEPAINT,EQ,247.4,142744210.2,581934
BETA,SM,151.25,992400,6400
BFINVEST,EQ,341.85,51843720.15,150526
BFUTILITIE,EQ,451.05,267768554.2,582497
BGLOBAL,BE,5.45,118977,22263
BGRENERGY,EQ,120.55,7850219.1,64412
BHAGERIA,EQ,297.6,4772740.75,15989
BHAGYANGR,EQ,46,3203525.3,68653
BHAGYAPROP,EQ,21.55,5360,250
BHANDARI,EQ,3.65,783001.75,208924
BHARATFIN,EQ,1005.85,782939689.3,769107
BHARATFORG,EQ,742.25,585668578.4,785849
BHARATGEAR,EQ,197.8,8265972.5,42016
BHARATIDIL,BZ,7.8,474825.1,60840
BHARATIWIN,EQ,36.45,24847202.03,678731
BHARATRAS,EQ,4599,6124718.6,1311
BHARATWIRE,EQ,121.4,8470803.65,69742
BHUSANSTL,EQ,44.95,158955725,3465088
BIGBLOC,EQ,138.15,11766747.8,83471
BIL,EQ,419.3,1868072.1,4329
BILENERGY,EQ,1.6,14275.2,8922
BILPOWER,EQ,1.45,24074.35,16603
BINANIIND,EQ,106.5,5870860.3,54092
BINDALAGRO,EQ,30.1,1018656.5,33614
BIOCON,EQ,606.9,1370955440,2240692
BIOFILCHEM,BE,17.3,232538.2,13378
BIRLACABLE,EQ,64.6,1480663.35,23002
BIRLACORPN,EQ,967.55,18667703.4,19059
BIRLAMONEY,EQ,76,7048338.55,92200
BKMINDST,EQ,36.65,2367930.2,64047
BLBLIMITED,EQ,6.4,17519.5,2700
BLISSGVS,EQ,200.6,28468937.4,141972
BLKASHYAP,EQ,48.6,13677562.15,274750
BLS,EQ,188.55,34584427.2,181852
BLUEBLENDS,EQ,29.4,118599.2,4079
BLUECOAST,EQ,125.3,4256.55,34
BLUEDART,EQ,4512.3,11709058.5,2597
BLUEDART,N3,10.42,1125.36,108
BLUEDART,N2,10.68,532846.89,49203
BLUESTARCO,EQ,727.05,11592140.25,15868
BODALCHEM,EQ,145.95,17645277.2,120034
BOHRA,SM,34,68000,2000
BOMDYEING,EQ,274,2490223802,8810992
BPL,EQ,94.05,43255527,453140
BRFL,EQ,68.6,9918580.65,143066
BRIGADE,EQ,285.15,36923955.65,128592
BRNL,EQ,179.9,2335358,13015
BROOKS,EQ,97,5586755.2,56570
BSE,EQ,811.7,94231271,116012
BSELINFRA,EQ,5,440344.15,89300
BSL,EQ,82.8,450349.2,5439
BSLGOLDETF,EQ,2860,186866,66
BSLIMITED,EQ,1.4,43787.8,31277
BSLNIFTY,EQ,114.99,12997.4,114
BURNPUR,EQ,11.1,1302424.75,116047
BUTTERFLY,EQ,517,18281552.8,34757
BVCL,BE,33.2,839547.75,24566
BYKE,EQ,177.1,24607665,134662
CADSYS,SM,99,1597600,16000
CALSOFT,EQ,66.4,1132157.6,16564
CAMLINFINE,EQ,113.65,55948088.15,482247
CANBK,EQ,307.45,985178197.3,3199483
CANDC,EQ,68.7,4049434.1,59265
CANFINHOME,EQ,503,862376226.2,1697412
CANTABIL,EQ,132.5,11716996.5,86643
CAPACITE,EQ,335,42788977.2,126793
CAPF,EQ,686.8,288831637.8,421641
CAPLIPOINT,EQ,649.05,17884844.15,27536
CAPTRUST,EQ,489.4,10163197.85,20979
CARBORUNIV,EQ,350.8,37810755.75,108007
CAREERP,EQ,127.05,9273899.5,71733
CARERATING,EQ,1368.95,41626302.6,30108
CASTEXTECH,EQ,5.05,2864990.55,565313
CASTROLIND,EQ,195.05,149938138.2,767006
CCCL,EQ,6.65,210676,31609
CCHHL,EQ,14.15,4964052.25,351205
CCL,EQ,282.65,9505048.2,33532
CDSL,EQ,319.55,89197387.75,278627
CEATLTD,EQ,1627.4,1472686157,892246
CEBBCO,EQ,17.9,472441.35,26624
CELEBRITY,EQ,18.25,2161509.55,115690
CELESTIAL,EQ,17.9,908962.7,50608
CENTENKA,EQ,343.25,21956080.95,63158
CENTEXT,EQ,7.05,2816449.85,396231
CENTRALBK,EQ,67,20259126.95,300864
CENTUM,EQ,613.85,2637840.7,4306
CENTURYPLY,EQ,319.75,50285911.45,155992
CENTURYTEX,EQ,1195.85,1165364640,967047
CERA,EQ,3387.25,35994186.9,10535
CEREBRAINT,EQ,60.6,103802509.1,1710310
CESC,EQ,1001.7,397576421.3,396693
CGCL,EQ,105,4072236.65,38274
CGPOWER,EQ,84.4,309663908.2,3635709
CHAMBLFERT,EQ,156.15,41881987.5,267496
CHENNPETRO,EQ,368.3,149242374.2,401716
CHOLAFIN,EQ,1352.1,138471501.6,100836
CHROMATIC,EQ,2.5,38225,15290
CIGNITITEC,BE,268.7,5661183.25,21017
CIMMCO,EQ,97.65,1416085.15,14418
CINELINE,EQ,85.2,3756502.4,43773
CINEVISTA,EQ,11.75,34639.8,2899
CKPPRODUCT,SM,85,3379050,39000
CLEDUCATE,EQ,250.35,859603.35,3441
CLNINDIA,EQ,594.85,13433515.9,22510
CMICABLES,EQ,250.35,23251875.7,92026
CMMIPL,SM,78.5,235500,3000
CNOVAPETRO,EQ,33.8,9353,280
COCHINSHIP,EQ,530.55,57416482.8,108099
COFFEEDAY,EQ,323.8,39956295.75,122741
COMPINFO,EQ,52.75,35271870.15,674147
COMPUSOFT,EQ,13.35,379554,28109
CONSOFINVT,EQ,72.25,370178.9,5112
CONTROLPR,EQ,451.5,6761185.75,15010
CORALFINAC,EQ,37.7,1540113,40803
CORDSCABLE,EQ,102.25,2180850.7,21200
COROMANDEL,EQ,525.15,49329416.3,94481
CORPBANK,EQ,33.05,9063544.3,271192
COSMOFILMS,EQ,300,14163170.15,47390
COUNCODOS,EQ,4,20707.75,5348
COX&KINGS,EQ,244.05,32609378.35,132085
CPSEETF,EQ,29.9,54600299.34,1824575
CREST,EQ,238.85,2106778,8840
CRISIL,EQ,2001.6,53220936.15,26634
CRMFGETF,EQ,2865,572975,200
CROMPTON,EQ,227.75,169497619.6,743035
CTE,EQ,77.85,27714.6,356
CUB,EQ,173.2,127479009.8,742090
CUBEXTUB,BE,24.25,35127.5,1476
CUPID,EQ,279.9,9281456,33147
CYBERMEDIA,BE,16,9568,598
CYBERTECH,EQ,72.95,2379884.3,32759
CYIENT,EQ,610.25,74487586.35,120778
DAAWAT,EQ,99.95,172566333.6,1726580
DALMIABHA,EQ,2800.7,250798847.2,87621
DALMIASUG,EQ,105.8,11386971.4,107058
DAMODARIND,EQ,142.2,6695574.05,46788
DATAMATICS,EQ,127.4,17021825.8,131429
DBCORP,EQ,324.95,12445365.85,38326
DBL,EQ,957.75,327167775.7,339999
DBREALTY,EQ,55.1,45027708.05,824643
DBSTOCKBRO,EQ,10.2,10.2,1
DCAL,EQ,338.2,29524738.65,87253
DCBBANK,EQ,164.25,298073323.4,1802939
DCM,EQ,99.05,2748217.8,27953
DCMSHRIRAM,EQ,528.95,39200353.5,73006
DCW,EQ,37.05,15940805.85,432360
DECCANCE,EQ,591.85,3909676.35,6574
DEEPAKFERT,EQ,356.85,52098529.3,144609
DEEPAKNTR,EQ,259.15,68984350.7,264723
DEEPIND,EQ,197.05,9852348.5,49835
DELTACORP,EQ,362.6,1288836983,3468122
DELTAMAGNT,BE,64.9,100724.8,1552
DEN,EQ,105.55,30823234.05,288637
DENABANK,EQ,21.35,39515685.65,1843515
DENORA,BE,573.25,38983234.55,63005
DEVIT,SM,79,237000,3000
DFMFOODS,EQ,1741.55,2064099,1188
DHAMPURSUG,EQ,214.1,154223031.6,724915
DHANBANK,EQ,23.75,9518987.6,397519
DHANUKA,EQ,662.95,5957094.7,8921
DHARSUGAR,EQ,22.9,509898.55,22203
DHFL,EQ,541.3,1951463853,3580363
DHFL,NN,1030,113320,110
DHFL,NP,1057.9,107618.78,102
DHFL,NL,1030,15450,15
DHFL,N6,1026.61,1186719.5,1154
DHFL,NC,1064.01,983367.17,922
DHFL,N4,1018,2036,2
DHUNINV,EQ,411.8,827504.45,1996
DIAMONDYD,EQ,1221.2,19782846.4,16231
DIAPOWER,EQ,14.95,4964828.75,325672
DICIND,EQ,520.45,7835175.25,15145
DIGJAMLTD,EQ,12.8,1523766.55,116929
DISHTV,EQ,72.4,241780548.2,3328255
DIVISLAB,EQ,1045.65,666745544,632838
DIXON,EQ,3215.15,92040593.75,28397
DLINKINDIA,EQ,107.25,16170934.5,149700
DNAMEDIA,EQ,8.5,195719.75,23198
DOLLAR,EQ,426.45,3079308.55,7182
DOLPHINOFF,EQ,92.95,12825551.95,136679
DONEAR,EQ,64.85,1050293.55,15987
DPABHUSHAN,SM,74,4438200,60000
DPL,EQ,172.55,3705166.15,21473
DPSCLTD,EQ,29.75,382314.9,12751
DQE,EQ,15,784208,51804
DREDGECORP,EQ,706.1,104206806.1,146761
DSKULKARNI,EQ,17.05,412690.4,23989
DSSL,EQ,39.1,996304.6,24999
DTIL,EQ,343.35,2493445.1,7235
DUCON,EQ,35.75,3114272.7,86668
DWARKESH,EQ,40.45,43358357.9,1063454
DYNAMATECH,EQ,1702.35,7896385.65,4621
DYNPRO,EQ,202.75,7561249.35,37129
EASTSILK,EQ,5.05,114401.4,22773
EASUNREYRL,EQ,17.05,2639060.05,155650
EBANK,EQ,2662.32,331639.76,120
ECEIND,EQ,349.65,138099.15,390
ECLERX,EQ,1326.55,7957837.8,5968
ECLFINANCE,N3,1027.9,198594.16,193
ECLFINANCE,N5,1063,193662.16,182
ECLFINANCE,N7,1608,141504,88
EDELWEISS,EQ,261.4,478755047.9,1810229
EDL,BE,44.85,307499.6,6885
EDUCOMP,BZ,6.55,434222.4,66098
EHFLNCD,N7,1200,189600,158
EHFLNCD,N5,1061,351748.5,330
EHFLNCD,N6,1101.55,28664.95,26
EIDPARRY,EQ,321.2,20164826.75,62722
EIFFL,SM,143.7,1252400,8800
EIHAHOTELS,EQ,436.15,395047.7,897
EIHOTEL,EQ,177.15,12326992.5,69568
EIMCOELECO,EQ,484.7,706844.85,1441
EKC,EQ,56.05,24349842.95,427283
ELAND,EQ,16.1,399084.6,24531
ELECON,EQ,82.6,26224276.95,311979
ELECTCAST,EQ,32.6,13353537.95,399253
ELECTHERM,EQ,158.8,951135.55,5951
ELGIEQUIP,EQ,314.95,6988295.5,21998
ELGIRUBCO,EQ,44.8,2427873.15,53796
EMAMIINFRA,EQ,304.55,39444227.7,126490
EMCO,EQ,18.05,2762535.6,152061
EMKAY,EQ,218.05,31918167.1,145267
EMMBI,EQ,201.1,2531831.5,12544
ENDURANCE,EQ,1283.6,220278967.5,174035
ENERGYDEV,EQ,26.95,1460463.95,54134
ENGINERSIN,EQ,171.6,204619956.2,1194447
ENIL,EQ,697.25,4815443.3,6954
EON,EQ,96.2,1377606.65,14271
EQ30,EQ,251,55445.47,222
EQUITAS,EQ,145.4,251348116.1,1722435
ERIS,EQ,741.5,13885876.7,18651
EROSMEDIA,EQ,204.55,83488797.9,404882
ESABINDIA,EQ,807.25,2320881,2863
ESCORTS,EQ,877.65,810312835.9,926593
ESL,EQ,3.15,2620796.85,831999
ESSARSHPNG,EQ,26.3,678850.5,25692
ESSDEE,BE,64.95,764469.75,11670
ESSELPACK,EQ,288.3,37317560.85,128553
ESTER,EQ,61.7,5599212.5,90468
EUROCERA,EQ,7.75,334083.6,42915
EUROMULTI,EQ,2.45,12.25,5
EUROTEXIND,EQ,34.05,12804.6,374
EVEREADY,EQ,392.5,14441811.2,37068
EVERESTIND,EQ,550.75,10094378.1,18135
EXCEL,EQ,31.4,589752.05,18526
EXCELCROP,EQ,3418.6,33105683.95,9618
EXCELINDUS,EQ,837.1,25579523.7,30175
EXIDEIND,EQ,211.45,161796444.7,762041
FACT,EQ,46.1,6842858.4,145227
FAIRCHEM,EQ,408.05,3050239.9,7433
FCL,EQ,68.55,68769084.85,995556
FCONSUMER,EQ,60.9,390390130.6,6376046
FCSSOFT,BE,0.55,6969783.8,12118658
FDC,EQ,285.5,20746417.2,72397
FEDDERELEC,EQ,68.4,6075167.8,88196
FEDERALBNK,EQ,96.2,1034603026,10766835
FEL,EQ,43.5,48163032.4,1104850
FELDVR,EQ,41.55,624832.9,14809
FELIX,SM,31.3,377200,12000
FIEMIND,EQ,899.3,8132850.35,9053
FILATEX,EQ,208.7,10967293.95,51338
FINCABLES,EQ,707,111665610.7,155998
FINPIPE,EQ,633.25,129249081.7,201780
FLEXITUFF,EQ,72.95,2215724.4,30496
FLFL,EQ,368.55,17275912.6,46870
FMGOETZE,EQ,510,2680336.4,5234
FMNL,EQ,112.35,4128394.6,37000
FORTIS,EQ,137.5,13270297740,98426544
FORTUNEFIN,EQ,240.7,274810.8,1138
FOSECOIND,EQ,1691.05,2496020.35,1468
FOURTHDIM,SM,179.5,22486000,126000
FRETAIL,EQ,514.85,692439178.4,1329941
FSC,EQ,661.05,6031227.35,9051
FSL,EQ,46.95,458947539.8,9783404
GABRIEL,EQ,158,14888669.9,93197
GAEL,EQ,242.3,36247888.6,148978
GAL,BE,8.05,1293381.45,166697
GALAXYSURF,EQ,1623.45,134213359,82293
GALLANTT,BE,44.2,605786.95,13413
GALLISPAT,EQ,302.05,2216465.6,7268
GAMMNINFRA,EQ,3.25,18823632.05,5751660
GAMMONIND,BZ,5.5,627216,114472
GANDHITUBE,EQ,404.9,1146080.95,2839
GANECOS,EQ,353.2,3022903.7,8475
GANESHHOUC,EQ,148.25,31348713.35,207180
GANGESSECU,EQ,100.05,1728702.85,16888
GARDENSILK,EQ,40.6,4630012.55,111556
GARWALLROP,EQ,941,49468703.7,52918
GATI,EQ,113.6,70315420.85,615448
GAYAPROJ,EQ,217.7,107629907.3,491900
GDL,EQ,195.6,27988747.8,140903
GEECEE,EQ,145.85,2093755.9,14211
GEMINI,BE,1.65,112695.5,65571
GENESYS,EQ,283.7,12071697.25,42055
GENUSPAPER,EQ,14.6,5663207,382631
GENUSPOWER,EQ,69.6,12043489,172135
GEOJITFSL,EQ,94.9,26250955.35,274610
GEPIL,EQ,857.5,8137956.65,9440
GESHIP,EQ,390.1,21578080.35,55233
GET&D,EQ,419.95,36349183.65,87496
GHCL,EQ,298.8,58868760,195069
GICHSGFIN,EQ,401.55,47404033.95,117431
GICRE,EQ,770.45,33523226.35,43266
GILLANDERS,EQ,76.55,288140.3,3690
GILLETTE,EQ,6700.4,20547846.3,3066
GINNIFILA,EQ,35.1,9272634.3,261308
GIPCL,EQ,120.35,6876991.65,56960
GIRRESORTS,IT,252.5,5035000,20000
GITANJALI,EQ,37.45,215193543.9,5616530
GKWLIMITED,EQ,564.85,130954.05,231
GLOBALVECT,EQ,139.5,6307612.1,44163
GLOBOFFS,EQ,32.6,1331449.65,40970
GLOBUSSPR,EQ,134.8,8892412.25,64402
GMBREW,EQ,908.4,57932509.4,62902
GMDCLTD,EQ,143.8,18583973.4,127235
GMRINFRA,EQ,18.3,657409764.6,35450986
GNA,EQ,422.75,15682058.7,36950
GNFC,EQ,472.1,314211861.8,662373
GOACARBON,EQ,931,118974015.6,125902
GOCLCORP,EQ,570.05,1111575.45,1947
GODFRYPHLP,EQ,878.6,116996746.5,132065
GODREJAGRO,EQ,576.7,58638214.4,101319
GODREJIND,EQ,541.8,128458740.9,236613
GODREJPROP,EQ,794.2,45274894.4,56697
GOENKA,BZ,0.9,733137.25,822298
GOKEX,EQ,98.4,8108589.45,81271
GOKUL,EQ,20,151494.75,7763
GOKULAGRO,EQ,25.65,543518.85,21195
GOLDBEES,EQ,2763.4,72543768.5,26312
GOLDIAM,EQ,77.05,1810571.1,23194
GOLDINFRA,EQ,192.3,30938922.65,160376
GOLDIWIN,EQ,280.9,3497943.15,12491
GOLDSHARE,EQ,2759.95,7005730,2547
GOLDTECH,EQ,14.7,46563.9,3157
GOODLUCK,BE,104.2,2644710.75,25144
GPIL,EQ,519.05,139100263.7,263384
GPPL,EQ,143.6,36864444.7,254348
GPTINFRA,EQ,176.45,6396160.2,35276
GRANULES,EQ,117.8,173602554.6,1470287
GRAPHITE,EQ,701.1,945778574.5,1333604
GRASIM,EQ,1100.05,455997118.8,413853
GRAVITA,EQ,152.05,27835110.7,181263
GREAVESCOT,EQ,122.15,84722340,692150
GREENLAM,EQ,1158.75,3022912.4,2557
GREENPLY,EQ,365.4,21556736.3,59453
GREENPOWER,EQ,11.25,6002740.45,522240
GRINDWELL,EQ,504.75,3854221.4,7640
GROBTEA,BE,1336,1645013.15,1229
GRPLTD,EQ,1336.7,745756.8,564
GRUH,EQ,520.3,121649270.3,233128
GSCLCEMENT,EQ,33.4,1254507.4,37247
GSFC,EQ,131.65,266596621.2,2016829
GSPL,EQ,198.4,62906142.45,316070
GSS,EQ,45.55,192139300.6,4122082
GTL,EQ,13.6,1412617.6,104140
GTLINFRA,EQ,5.3,22363296.9,4159158
GTNIND,EQ,22.2,20339415.6,866685
GTNTEX,EQ,21.2,198620.9,9251
GTPL,EQ,164,2679357.7,16240
GUFICBIO,EQ,123.6,6476034.05,52030
GUJALKALI,EQ,790.15,100751907.6,125692
GUJAPOLLO,EQ,214.25,681633.45,3136
GUJFLUORO,EQ,797.05,40415609.7,51049
GUJGASLTD,EQ,858.2,15996795.6,18643
GUJRAFFIA,BE,64,376448,5882
GULFOILLUB,EQ,987.25,28555754.6,29020
GULFPETRO,EQ,82.25,2361645.05,28748
GULPOLY,EQ,81.45,2700303.05,33207
GVKPIL,EQ,17.85,123616001.5,6816343
H1190M36RG,MF,10.05,954780.15,95003
HANUNG,BE,3.45,35560.6,10248
HARITASEAT,EQ,940.85,871961.95,927
HARRMALAYA,EQ,85.05,3834544.25,45598
HATHWAY,EQ,37.95,28613553.15,752245
HATSUN,EQ,770.9,2288680.25,2961
HBLPOWER,EQ,56.7,29917569.85,520135
HBSTOCK,EQ,44.25,3225018.75,72538
HCC,EQ,34.65,217400740.9,6260055
HCG,EQ,322.45,13705051.9,41837
HCL-INSYS,EQ,63.45,423810104,6543542
HDFC,W2,361.95,47531395,131400
HDFCLIFE,EQ,431.45,225350735.1,522734
HDFCMFGETF,EQ,2833.7,7859268.75,2785
HDFCNIFETF,EQ,1074.49,39868.6,37
HDFCSENETF,EQ,3570,53579.5,15
HDIL,EQ,52.05,481393130.2,9219697
HEG,EQ,2698.65,1371029645,499428
HEIDELBERG,EQ,156.2,37923359.75,238901
HERCULES,EQ,131.75,2399010.15,18218
HERITGFOOD,EQ,683.9,9817320.7,14231
HESTERBIO,EQ,1655.4,10726584.9,6446
HEXATRADEX,BE,59.2,458291.05,7606
HEXAWARE,EQ,333.3,254030234.6,759023
HFCL,EQ,28.45,103664814.8,3627771
HGS,EQ,872.1,37203147.6,41834
HIGHGROUND,EQ,11.9,3146825.4,260197
HIKAL,EQ,229.5,18500520,79135
HIL,EQ,1775.15,24467374.7,13671
HILTON,EQ,34.45,1495298.65,42565
HIMATSEIDE,EQ,361.05,8248487.1,22830
HINDCOMPOS,EQ,465.05,2279924,4831
HINDCOPPER,EQ,76.4,110159238.6,1423420
HINDDORROL,EQ,5.5,117375.5,21341
HINDMOTORS,BE,9.75,5002313.3,496195
HINDNATGLS,EQ,137.75,7280.35,53
HINDOILEXP,EQ,121,82148756.7,674711
HINDUJAVEN,EQ,836.25,11544875.15,13836
HIRECT,EQ,133.25,3528053.7,26172
HISARMETAL,EQ,95.15,301719.5,3180
HITECH,SM,393.25,22586650,57500
HITECHCORP,EQ,160.5,1194941.5,7302
HITECHGEAR,EQ,437.8,2928570.55,6624
HMT,BZ,34.4,51856.45,1514
HMVL,EQ,249.4,1154312.2,4636
HNGSNGBEES,EQ,3220,22540.01,7
HONAUT,EQ,16667.55,10358554.55,617
HONDAPOWER,EQ,1440.85,15227806.2,10440
HOTELEELA,EQ,20.75,12752247.35,607609
HOVS,EQ,276.05,5055165.3,18155
HPL,EQ,139.55,10050728.25,70889
HSCL,EQ,165.05,183352624.1,1110841
HSIL,EQ,426.25,16420355.25,38045
HTMEDIA,EQ,93.55,11276356,119733
HUBTOWN,EQ,97.4,50531846.2,516406
HUDCO,EQ,83.75,281587760.6,3389959
HUDCO,N2,1143.86,7240049.6,6338
HUDCO,NE,1282.21,958989.5,750
HUDCO,N3,1079.59,9397359.94,8763
HUDCO,ND,1214,24265,20
HUDCO,N5,1103.5,395535,360
IBREALEST,EQ,221.9,2065173723,9190821
IBULHSGFIN,NA,1098.99,164838.47,153
IBVENTURES,EQ,253.5,560543485.2,2208176
ICEMAKE,SM,101.55,2879400,28000
ICICIGI,EQ,815.2,228871026.5,281637
ICIL,EQ,98,82701358.3,833792
ICRA,EQ,3966.25,16755519.75,4217
ICSA,BE,3.7,89254.7,24009
IDBI,EQ,61.8,505447260.8,8099023
IDBIGOLD,EQ,2869,232136,81
IDFC,EQ,51.75,123450349.6,2385375
IDFCBANK,EQ,53.1,569472957.9,10752129
IDFCBANK,N1,4950,39600,8
IDFCBANK,N5,4824,52675,11
IDFCBANK,N4,8040,64360,8
IDFCBANK,NE,7780,31060.02,4
IDFCBANK,NA,8416.11,100992.54,12
IDFCBANK,N2,8460,245180.04,29
IDFCBANK,N6,8302,66408,8
IDFCBANK,N3,4860,9720,2
IDFCBANK,NC,8046,281552.04,35
IDFNIFTYET,EQ,106.43,210719.89,2003
IEX,EQ,1535.6,7276419,4722
IFBAGRO,EQ,684.95,2044349.55,2992
IFBIND,EQ,1300.5,4790792.8,3694
IFCI,EQ,23.1,190395994.5,8192040
IFCI,NJ,1001,101101,101
IFCI,NF,1010.1,101010.5,100
IFCI,NE,1024.95,100097.6,98
IFCI,NH,1027,1422439.23,1385
IFCI,NC,1010,404005,400
IFGLEXPOR,EQ,286.4,3642083.25,12664
IGARASHI,EQ,833.4,18257421.05,22208
IGL,EQ,295.05,532172988.9,1786150
IGPL,EQ,719.3,19391390.8,26637
IIFCL,N4,1255.21,140815.79,112
IIFCL,N2,1100.4,280039.21,250
IIFL,EQ,773.8,126480358.3,163589
IIFLFIN,NA,1031.05,980471.5,950
IIFLFIN,N5,1025.64,511924.06,498
IIFLFIN,N7,1900,19000,10
IIFLFIN,N6,1127.6,50619,45
IIHFL,N2,1068.99,979045.24,916
IIHFL,N1,1024.55,1162660.91,1135
IITL,EQ,101,17283.5,170
IL&FSENGG,EQ,45.7,3420002.35,74109
IL&FSTRANS,EQ,72.15,16823681.95,231210
IMFA,EQ,605.2,18810866.45,31003
IMPAL,EQ,1125.35,10360473,9202
IMPEXFERRO,EQ,1.15,47217.95,40961
INDBANK,BE,26.4,1635202.5,61525
INDHOTEL,EQ,133.2,114225165.6,848112
INDIACEM,EQ,156.3,398442037.2,2537058
INDIAGLYCO,EQ,520.85,146016578.8,277922
INDIANB,EQ,336.95,293252943.9,860437
INDIANCARD,EQ,177.55,439531.85,2456
INDIANHUME,EQ,375.95,6600875.25,17421
INDIGRID,IV,91.95,14553704.97,158193
INDLMETER,EQ,113.4,572251.5,5025
INDNIPPON,EQ,1003.85,3961900.35,3938
INDOCO,EQ,265.25,48350231.75,180621
INDORAMA,EQ,35.55,6680302.35,185471
INDOSOLAR,BE,8.75,3492112.45,396262
INDOTECH,EQ,196.8,2407900.85,12203
INDOTHAI,EQ,84.95,7711723.15,89567
INDOWIND,BE,9.25,938960.65,102396
INDRAMEDCO,EQ,55.4,4700188,84344
INDSWFTLAB,EQ,78.15,10761764.35,138900
INDSWFTLTD,EQ,9.5,118856.2,12500
INDTERRAIN,EQ,188.2,20462402.05,108007
INEOSSTYRO,EQ,951.1,3598635.6,3786
INFIBEAM,EQ,160.4,537427535.2,3338767
INFINITE,EQ,484.65,58018091.4,118433
INFOBEAN,SM,77,783100,10000
INFRABEES,EQ,349.74,514089.82,1457
INGERRAND,EQ,759.6,15095242.8,19804
INNOVANA,SM,241.4,7063000,30000
INNOVATIVE,SM,50.95,2461350,48000
INOXLEISUR,EQ,301.35,169828439.8,566439
INOXWIND,EQ,135.6,49656485.45,367261
INSECTICID,EQ,776.85,12967497.65,16597
INTELLECT,EQ,183.35,94087172.25,502473
INTENTECH,EQ,80.65,14027884.4,172287
INVENTURE,EQ,15.9,4478589.3,299449
IOB,EQ,20.35,18349514.05,894504
IOLCP,EQ,82.15,14800652.7,177309
IPAPPM,EQ,319.65,17083050.3,53104
IPCALAB,EQ,626.5,192462121.5,311158
IRB,EQ,229.95,459403640.8,2007597
IRBINVIT,IV,84.13,14304950,170000
IRFC,N9,1180,70700,60
IRFC,N1,1090,6537.15,6
IRFC,N4,1102,1103100,1001
IRFC,NO,1140,3437433.11,3026
IRFC,NJ,1125,270000,240
IRFC,NA,1255,529187.9,420
IRFC,NI,1084.4,75840,70
IRFC,N2,1148,369495.64,322
IRFC,NN,1071,107100,100
ISFT,EQ,597.7,20381660.6,34405
ISMTLTD,EQ,14.8,1285330.7,86437
ITDC,EQ,447.7,3176242.45,7042
ITDCEM,EQ,184.1,32557220.75,173535
ITI,EQ,117.8,67698309.55,571057
IVC,EQ,21.45,19861750.4,912526
IVP,EQ,210.5,3825714.8,18340
IVRCLINFRA,EQ,4.7,1478389.75,310234
IVZINGOLD,EQ,2830,50872.75,18
IZMO,EQ,100.8,55827232.55,544869
J&KBANK,EQ,69.55,24953596.35,358950
JAGRAN,EQ,164.5,6275973.65,37921
JAGSNPHARM,EQ,33.1,292125.4,8855
JAIBALAJI,EQ,13.75,204639.85,14453
JAICORPLTD,EQ,162.8,202288236.7,1228529
JALAN,SM,56.15,1559550,27000
JAMNAAUTO,EQ,79,94120964.9,1194929
JASH,SM,167.2,4440900,26400
JAYAGROGN,EQ,385.2,12987859.3,33812
JAYBARMARU,EQ,471.85,6068100.25,12752
JAYNECOIND,EQ,9.05,2657272.8,291249
JAYSREETEA,EQ,102.85,3300989,31967
JBCHEPHARM,EQ,307.8,11626025.05,37369
JBFIND,EQ,169.9,8568870.5,50051
JBMA,EQ,459.35,29796247.4,63698
JCHAC,EQ,2300.25,7550840.5,3283
JENSONICOL,BE,4.15,29095,7000
JETAIRWAYS,EQ,739.95,3968826443,5252159
JETFREIGHT,SM,102.9,1210200,12000
JETKNIT,SM,112,874500,7500
JHS,EQ,65.85,11086663.9,166459
JINDALPHOT,EQ,65.35,278802.25,4238
JINDALPOLY,EQ,352.9,25183199.6,70476
JINDALSAW,EQ,132.45,155956706.6,1171499
JINDALSTEL,EQ,251.5,3570520453,13825697
JINDCOT,BZ,8.15,77787.25,9912
JINDRILL,EQ,162.55,6063174.85,36850
JINDWORLD,EQ,622.95,54152257.55,85765
JISLDVREQS,EQ,71.4,4983416.95,69401
JISLJALEQS,EQ,118.8,819039497.6,6857458
JITFINFRA,BE,41.65,420863.3,10084
JKCEMENT,EQ,1024.6,14428555.6,14058
JKIL,EQ,328.4,37819347.05,112004
JKLAKSHMI,EQ,420.75,33746405.6,79428
JKPAPER,EQ,138.15,61005356.2,439728
JKTYRE,EQ,164.65,154087213.9,913500
JMA,EQ,253.5,1282937.75,5024
JMCPROJECT,EQ,592,12423452.5,21018
JMFINANCIL,EQ,156.45,83397755.25,531287
JMTAUTOLTD,EQ,4.85,959591.65,195779
JOCIL,EQ,174.1,276239.4,1581
JPASSOCIAT,EQ,17.35,520624259.2,29986556
JPINFRATEC,EQ,14,23396210.85,1656532
JPOLYINVST,EQ,65.25,355463.6,5490
JPPOWER,EQ,6.15,10501024.55,1702434
JSL,EQ,108.55,60053166.15,537089
JSLHISAR,EQ,201.55,80240043,390778
JSWENERGY,EQ,80.1,132063007.9,1650445
JSWHL,EQ,1706.6,7782995.2,4494
JSWSTEEL,P2,8.85,149239.75,16835
JUBILANT,EQ,931.75,288958451.8,309794
JUBLFOOD,EQ,1951.65,2148120671,1086108
JUBLINDS,EQ,199.4,4656137.9,23155
JUNIORBEES,EQ,301.34,5305252.25,17568
JUSTDIAL,EQ,464.9,1148345904,2465281
JVLAGRO,EQ,28.5,25905238.65,898512
JYOTHYLAB,EQ,347.85,10584267.4,30275
JYOTISTRUC,EQ,10.25,5201743.15,513910
KABRAEXTRU,EQ,129.15,6580303.8,51088
KAJARIACER,EQ,593.6,597540941.1,1000868
KAKATCEM,EQ,299,3574875.25,11884
KALPATPOWR,EQ,469.65,61115374.6,128536
KALYANIFRG,BE,317.35,130194.35,414
KAMATHOTEL,EQ,113.05,10780418.6,94915
KAMDHENU,EQ,246.4,5218767.6,20785
KANANIIND,EQ,9.9,266091.9,26776
KANORICHEM,EQ,78.1,10189643.3,129033
KANSAINER,EQ,487.15,60442260.35,122934
KARMAENG,EQ,37.4,56532.6,1492
KARURVYSYA,EQ,111.05,100990494.8,915063
KAUSHALYA,EQ,3.2,84938.9,26577
KAVVERITEL,EQ,10.95,42435.3,3902
KAYA,EQ,929,17743153.95,18984
KCP,EQ,128.5,18662285.45,143711
KCPSUGIND,EQ,27.45,4425418.85,160758
KDDL,BE,370.65,2150051.55,5615
KEC,EQ,391.4,944833082.4,2347007
KECL,EQ,39.3,3857108.4,97545
KEI,EQ,385.2,76531873.4,199073
KELLTONTEC,EQ,123.95,9774114.95,78287
KERNEX,BZ,44.1,938040.7,21279
KESARENT,EQ,59.35,484364.65,7934
KESORAMIND,EQ,130.7,47934294.85,364609
KGL,BE,2.65,780610.5,294570
KHADIM,EQ,705.95,9659076.35,13724
KHAITANLTD,BE,52.25,100795.4,1958
KHANDSE,EQ,22.85,45862.7,2052
KICL,EQ,2315.55,3845208.45,1652
KILITCH,EQ,94.55,3457679.1,35355
KINGFA,BE,1002.7,4958015.85,4889
KIOCL,EQ,302.85,7774834.85,25342
KIRIINDUS,EQ,513.25,133225389.6,257454
KIRLOSBROS,EQ,340.25,14861037.65,42912
KIRLOSENG,EQ,373,1706066.5,4505
KIRLOSIND,EQ,1240.85,276693.15,222
KITEX,EQ,232.75,32022455.05,137279
KKCL,EQ,1542.5,761121.35,491
KMSUGAR,EQ,16.1,1955788.2,120936
KNRCON,EQ,316.3,52478456.45,163774
KOHINOOR,EQ,70.45,15965940.65,222607
KOKUYOCMLN,EQ,125,6677203.5,53103
KOLTEPATIL,EQ,344.6,59735524.5,169699
KOPRAN,EQ,72.2,16652246.65,226530
KOTAKBKETF,EQ,256.07,2044557.67,7922
KOTAKGOLD,EQ,270.95,14962643.55,55437
KOTAKNIFTY,EQ,105.91,2095625.78,19680
KOTAKNV20,EQ,49.3,18238.5,368
KOTAKPSUBK,EQ,321.63,2380161.74,7353
KOTARISUG,EQ,15.35,727554.9,46944
KOTHARIPET,EQ,25.65,891533.2,34927
KOTHARIPRO,EQ,193.3,1670616.95,8523
KPIT,EQ,205.9,554873817,2659057
KPRMILL,EQ,675.9,13950225,20354
KRBL,EQ,599.95,150141995.4,247445
KREBSBIO,BE,163.85,938573.5,5818
KRIDHANINF,EQ,111.4,31625159.45,280420
KSBPUMPS,EQ,800,6949745.2,8609
KSCL,EQ,459.5,105695390.8,227306
KSERASERA,BE,0.3,1089964.3,3570987
KSK,BE,13.15,7992293.55,600505
KSL,EQ,322,18334857.65,56832
KTIL,EQ,155.65,3170286.35,20205
KTKBANK,EQ,133.85,198980431.4,1482475
KWALITY,EQ,85.35,190700810.2,2238466
L&TFH,EQ,160.55,803816839.1,4903134
L&TFINANCE,N4,1065,71305,67
L&TINFRA,N1,976.52,74663.65,75
L&TINFRA,N3,975,63315.25,65
L&TINFRA,N2,1645.05,216938.81,132
L&TINFRA,N6,1680.05,330833,197
L&TINFRA,N5,1049,83824,80
L&TINFRA,N4,1620.5,296264.4,183
LAKPRE,EQ,46.15,60972.25,1301
LAKSHMIEFL,EQ,26.6,1497606.4,55971
LAKSHVILAS,EQ,121.6,85255845.35,699159
LALPATHLAB,EQ,914.95,34293043.35,37776
LAMBODHARA,EQ,77.55,10766248.85,135373
LAOPALA,EQ,631.4,5847412.9,9242
LASA,BE,135.2,23173514.75,170735
LAURUSLABS,EQ,525.3,17870731.65,34039
LAXMIMACH,EQ,5865.85,12739501.75,2170
LCCINFOTEC,BE,0.8,322778.95,394961
LEEL,EQ,252.7,36787241.25,144238
LEXUS,SM,109,657000,6000
LFIC,BE,122.95,39176.05,345
LGBBROSLTD,EQ,1065.5,11202686.9,10528
LIBAS,SM,104.75,209500,2000
LIBERTSHOE,EQ,224.8,7783612.35,34098
LICNETFGSC,EQ,16.01,816.99,51
LICNETFN50,EQ,109.2,765.15,7
LICNETFSEN,EQ,342.4,106000.29,296
LICNFNHGP,EQ,103.8,21170.55,204
LINCOLN,EQ,224.55,6339439.65,28012
LINCPEN,EQ,430.85,14305491.85,33058
LINDEINDIA,EQ,498.75,6652613.75,13344
LIQUIDBEES,EQ,1000,1885103055,1885097
LITL,BE,1.3,542388.6,417222
LML,EQ,9.15,1480150.35,161296
LOKESHMACH,EQ,65.5,3002471.5,45411
LOTUSEYE,EQ,32.5,296425,9010
LOVABLE,EQ,225.45,10495079.3,46174
LPDC,EQ,4.55,119245.6,25667
LSIL,BE,1.8,200458.8,111366
LTI,EQ,1472.45,137803349.9,93047
LTTS,EQ,1395.7,135490999.1,95518
LUMAXIND,EQ,2249.5,25036568.35,10978
LUMAXTECH,EQ,793.15,11709420.45,14589
LUXIND,EQ,1699.85,87244342.1,51037
LYCOS,BE,5.55,2150859.1,389887
LYKALABS,EQ,58.75,3924939.65,67094
LYPSAGEMS,EQ,32.95,3770857.6,112691
M&MFIN,EQ,439.3,547098506.6,1229874
M100,EQ,21.88,215975.19,9863
M50,EQ,101.12,89672.18,886
MAANALU,EQ,150.95,2114170,13994
MADHAV,EQ,63.1,3074304.5,47638
MADHUCON,EQ,28.4,3312398.3,117223
MADRASFERT,EQ,35.6,6628383.7,184832
MAGADSUGAR,EQ,162.9,897304.5,5500
MAGMA,EQ,166.85,4840113.9,29027
MAGNUM,EQ,13.7,492630.2,35216
MAHABANK,EQ,18.45,21269471.4,1147275
MAHASTEEL,EQ,77.75,1473767.1,18686
MAHESHWARI,SM,180.05,4509800,25000
MAHINDCIE,EQ,218.5,21195200.3,96679
MAHLIFE,EQ,455.5,10585754.2,23256
MAHLOG,EQ,466.75,10896493.65,23520
MAHSCOOTER,EQ,2446.2,2745724.9,1126
MAHSEAMLES,EQ,476.05,39668865.05,82501
MAITHANALL,EQ,890.7,106963035.7,119804
MAJESCO,EQ,489.5,39169140.2,79628
MALUPAPER,EQ,38.9,730575.45,18470
MANAKALUCO,EQ,11.4,326387.4,28478
MANAKCOAT,EQ,15.9,772866.95,47779
MANAKSIA,EQ,62.2,1076295.85,17217
MANAKSTEEL,EQ,38.5,2543839.7,67058
MANALIPETC,EQ,37.15,25368285.95,674739
MANAPPURAM,EQ,110.05,724389635.8,6588286
MANAV,SM,18.55,74200,4000
MANDHANA,EQ,6.8,305059.8,44720
MANGALAM,EQ,165.6,9064490.55,54182
MANGCHEFER,EQ,69.85,2868495.85,41201
MANGLMCEM,EQ,344.15,15745008.55,44827
MANGTIMBER,EQ,33.05,397365.6,11809
MANINDS,EQ,126.55,85785530.3,685151
MANINFRA,EQ,57.6,16263188.75,280915
MANPASAND,EQ,395.5,18888132.8,47119
MANUGRAPH,EQ,50.6,368787.8,7188
MARALOVER,EQ,38.5,603423.55,15499
MARATHON,EQ,480.85,5139115.75,10619
MARKSANS,EQ,38.15,151675433.6,3947424
MASFIN,EQ,616.45,7585825.1,12379
MASTEK,EQ,498.2,214232805.2,423678
MATRIMONY,EQ,861.05,766378.9,885
MAWANASUG,EQ,62.2,9291306.15,147503
MAXINDIA,EQ,98.75,114453100.3,1120853
MAXVIL,EQ,81.35,22774217,278885
MAYURUNIQ,EQ,506.7,3352341.75,6616
MAZDA,EQ,375.9,2145692.15,5674
MBECL,BE,62.6,3060973.35,48587
MBLINFRA,EQ,25.3,1585850.7,62458
MCDHOLDING,EQ,40.4,1083810.45,26544
MCLEODRUSS,EQ,169.5,47651311.7,280825
MCX,EQ,742.6,334714356.1,452544
MEGASOFT,EQ,14.5,467138.65,31277
MEGH,EQ,100.85,150107797,1476156
MENONBE,EQ,104.35,5374701.05,51000
MEP,EQ,91,40472738.35,442760
MERCATOR,EQ,35.65,45591413.35,1276661
MERCK,EQ,1448.95,34768954.05,23824
METALFORGE,EQ,29.2,374508.05,12663
METKORE,EQ,3.65,894205.5,239545
MFSL,EQ,500.75,698293467.7,1379325
MGL,EQ,1021,110335856.1,107265
MHHL,SM,50.4,1814400,36000
MHRIL,EQ,308.25,18317546.4,59506
MIC,EQ,7.35,4183379.15,577862
MIDCAPIWIN,EQ,71.77,552774.64,7694
MILTON,SM,27,329600,12000
MINDACORP,EQ,189.85,63529628.4,330310
MINDAIND,EQ,1098,82286322.35,73879
MINDTECK,EQ,68,649005.15,9519
MINDTREE,EQ,713.2,498936154.8,700799
MIRCELECTR,EQ,51.35,67825978.95,1327024
MIRZAINT,EQ,133.65,14951492.1,110941
MKPL,SM,73,1166100,16000
MMFL,EQ,1079.95,5638144.2,5283
MMTC,EQ,54.95,34154680.9,618242
MOHITIND,EQ,36.6,5535232.7,150236
MOHOTAIND,EQ,314.85,1382969.1,4335
MOIL,EQ,224.1,71823614.05,318522
MOKSH,SM,42.5,1315050,30000
MOLDTECH,EQ,61.6,685578,11050
MOLDTKPAC,EQ,335.8,12683630,37349
MONNETISPA,EQ,26.35,10171520.1,384731
MONSANTO,EQ,2488.6,65123791.35,26063
MONTECARLO,EQ,561.3,12330199.85,21858
MORARJEE,EQ,50.25,2607364.75,51091
MOREPENLAB,EQ,35.6,106235479.8,2964074
MOSERBAER,BE,4.5,538722,119051
MOTILALOFS,EQ,1139.15,128691812,112829
MOTOGENFIN,EQ,37.45,189003.5,4965
MPHASIS,EQ,862.8,101101121,115328
MPSLTD,EQ,570.3,2915110,5108
MPTODAY,SM,128.7,14344900,110000
MRO-TEK,BE,23.75,7175,300
MRPL,EQ,118.05,77484913.8,656619
MSPL,EQ,22.05,571816.75,25615
MTEDUCARE,EQ,70.05,68602421.8,973481
MTNL,EQ,22.25,25666266.4,1141174
MUKANDENGG,EQ,43.2,3099562.9,71745
MUKANDLTD,EQ,75.75,15442285.9,201306
MUKTAARTS,EQ,79.05,7089094.6,87577
MUNJALAU,EQ,77.55,5472250,70824
MUNJALSHOW,EQ,230.25,11822178.5,50672
MURUDCERA,EQ,41.3,3219891.9,76976
MUTHOOTCAP,EQ,741,5866496.5,7901
MUTHOOTFIN,EQ,407.7,148836267.9,362414
MUTHOOTFIN,NB,1851.25,55537.5,30
MVL,BE,0.45,42393.95,102778
N100,EQ,488.3,289875.72,598
NABARD,N2,1179.7,1521676.15,1293
NACLIND,EQ,44.35,5579492.85,123296
NAGAFERT,EQ,18.15,10315450,572533
NAGAROIL,EQ,4.55,19631958.05,4462263
NAGREEKCAP,EQ,43.1,749756.5,17400
NAGREEKEXP,EQ,38.15,1090839.5,28963
NAHARCAP,EQ,149.25,1503576.65,9935
NAHARINDUS,EQ,89.2,4198445.45,46533
NAHARPOLY,EQ,63.4,1093546.65,16921
NAHARSPING,EQ,107.75,5941290.6,54958
NAKODA,EQ,0.4,230117.45,556612
NANDANI,SM,88.75,2789000,32000
NATCOPHARM,EQ,796.1,445634195.9,569061
NATHBIOGEN,EQ,496.8,37115860.25,73467
NATIONALUM,EQ,70,597962398.1,8466598
NATNLSTEEL,EQ,37.55,2281303.35,61276
NAUKRI,EQ,1226.75,33087517.5,27113
NAVINFLUOR,EQ,776.8,14059921.6,17936
NAVKARCORP,EQ,170.85,25793117.5,149303
NAVNETEDUL,EQ,141.15,4170133.5,29436
NBCC,EQ,203.9,278469142.4,1354638
NBIFIN,EQ,1761.45,2276949.35,1310
NBVENTURES,EQ,146,23911121.5,160676
NCC,EQ,125.1,1158759997,9234393
NCLIND,EQ,241.15,12496640.45,51587
NDGL,EQ,1653.75,3082133.4,1876
NDL,EQ,147.7,41416890.05,273217
NDTV,EQ,44.8,2839183.65,62430
NECCLTD,EQ,26.45,1681993.7,62835
NECLIFE,EQ,31.15,5872860.05,186526
NELCAST,EQ,81.1,6863893.45,84224
NELCO,EQ,163.95,170317666.8,1016922
NESCO,EQ,588.15,18358084.6,31174
NESTLEIND,EQ,7592.85,588144895.2,76991
NETWORK18,EQ,49.5,30960914,621309
NEULANDLAB,EQ,714.1,8121873.85,11341
NEWGEN,EQ,234.05,21754724.35,91927
NEXTMEDIA,EQ,17.1,357199.35,21043
NFL,EQ,63.35,33951059.45,532864
NH,EQ,306.7,14804229.15,48328
NHAI,NE,1151.9,1687890.55,1465
NHAI,NA,1182.1,2975176.59,2516
NHAI,N8,1127.49,2846154.92,2520
NHAI,N1,1100.6,37480496.73,34062
NHAI,N3,1156,47937,40
NHAI,N2,1179,3952300.55,3345
NHAI,N6,1280.31,2234815.8,1747
NHAI,N5,1225.2,69580.6,56
NHBTF2014,N6,6406.33,2967774.9,460
NHPC,N5,1272,145867.36,115
NHPC,N6,1330,65190,49
NIACL,EQ,708.6,37761835.3,52925
NIBL,EQ,25.6,58778.8,2279
NIF100IWIN,EQ,113.5,149624.15,1300
NIFTYBEES,EQ,1082.69,151833633.3,140006
NIFTYIWIN,EQ,107.45,2458663.87,22685
NIITLTD,EQ,93.05,33716693.9,357846
NIITTECH,EQ,820.3,1047041363,1264192
NILAINFRA,EQ,21.8,30952966.2,1406901
NILKAMAL,EQ,1753.75,30497726.65,17158
NIPPOBATRY,EQ,932.2,1130529.5,1209
NITCO,EQ,122.25,54730666.6,434641
NITESHEST,BE,13.35,2372601.05,173462
NITINFIRE,EQ,5.85,1647430.15,277295
NITINSPIN,EQ,109.25,9655670.7,88078
NKIND,EQ,49.8,143706.65,2856
NLCINDIA,EQ,98.7,66554572.3,676765
NOCIL,EQ,186.85,162906790.1,864870
NOIDATOLL,EQ,12.8,1735639.8,136670
NRAIL,EQ,459.15,6217486.55,13415
NRBBEARING,EQ,160.2,20778275.3,128191
NSIL,EQ,1166.35,376421.6,322
NTL,EQ,4.2,205545.05,48686
NTPC,N7,13.63,324802.89,23826
NTPC,N6,1271.24,387975.79,305
NTPC,ND,1157.25,72929.5,63
NUCLEUS,EQ,435.85,16241753.35,37330
NUTEK,EQ,1.25,209310.9,167406
NV20IWIN,EQ,48.17,60153.86,1238
OBEROIRLTY,EQ,479,33734589.45,70056
OCCL,EQ,1242.5,2599148.7,2088
OCL,EQ,1304.65,5686252.95,4284
OILCOUNTUB,EQ,43,3977830.65,92792
OISL,EQ,3.85,191710.15,50377
OMAXAUTO,BE,172.55,8088576.3,46618
OMAXE,EQ,228.6,115200482.3,501220
OMKARCHEM,EQ,39.2,8888215.25,221973
OMMETALS,EQ,58.35,4815888.75,81344
ONELIFECAP,EQ,26.5,136260.35,5014
ONEPOINT,SM,79,1747400,22000
ONMOBILE,EQ,51.35,117564318.5,2253609
ONWARDTEC,EQ,96.35,3321713.55,33709
OPTIEMUS,BE,260.55,3108959.55,11913
OPTOCIRCUI,EQ,9.9,2823842.4,284783
ORBTEXP,EQ,159.4,1336805.15,8530
ORCHIDPHAR,BZ,16.9,541892,32194
ORICONENT,EQ,62.25,33787030.55,538709
ORIENTABRA,EQ,46.25,1572922.65,33707
ORIENTALTL,EQ,14.85,36414.15,2487
ORIENTBANK,EQ,105.55,475558716.4,4529440
ORIENTBELL,EQ,299.45,2936735.5,9714
ORIENTCEM,EQ,150.1,11435101.15,75581
ORIENTHOT,EQ,51.65,5408735.1,102961
ORIENTLTD,EQ,216.9,757787.85,3468
ORIENTPPR,EQ,38.15,15237650.95,404528
ORIENTREF,EQ,170.7,4756690.55,27762
ORISSAMINE,EQ,1716.2,11572118.7,6724
ORTEL,EQ,28.45,4011855.35,143420
ORTINLABSS,EQ,21.55,314445.1,14459
OSWALAGRO,BE,13.5,25045,1850
PAEL,BE,7.7,138.6,18
PAGEIND,EQ,22201.6,292321545.8,13084
PAISALO,EQ,276.15,6734855.6,24228
PALASHSECU,EQ,74.35,283230.1,3864
PALREDTEC,EQ,94.05,1093063.65,11350
PANACEABIO,EQ,327.45,121377529.1,359676
PANACHE,SM,110,1760000,16000
PANAMAPET,EQ,192.45,4022540.75,20766
PANORAMUNI,EQ,8.85,129873.65,14410
PAPERPROD,EQ,344.2,10567817.45,30616
PARABDRUGS,EQ,8.2,393415.1,48313
PARACABLES,EQ,15.2,1179865.55,77396
PARAGMILK,EQ,286,73301535.05,253241
PARSVNATH,EQ,23.05,16477020.9,693808
PATELENG,EQ,75.05,26400578.5,344703
PATINTLOG,EQ,69.25,1120037.9,16114
PATSPINLTD,EQ,22.05,243870.6,11036
PBAINFRA,EQ,17.7,68287.75,3932
PCJEWELLER,EQ,381,5866010435,15799584
PDMJEPAPER,EQ,28.75,1605050.75,55796
PDPL,EQ,20.25,22375.1,1098
PDSMFL,EQ,287.35,2930953.05,10221
PDUMJEIND,EQ,16.05,1109271.95,68433
PEARLPOLY,BE,31.95,338434.05,10706
PENIND,EQ,60.95,17824769.85,286706
PENINLAND,EQ,29.55,18340841.55,626081
PENPEBS,EQ,87.95,5671448.9,63846
PERSISTENT,EQ,764.35,37803976.25,48859
PETRONENGG,EQ,122.5,386435.3,3147
PFC,N5,1185,47399.7,40
PFC,N4,1100,330000,300
PFC,N8,1268.21,126821.75,100
PFIZER,EQ,2315.15,34446993.35,14924
PFOCUS,EQ,103.05,6978256.55,67294
PFS,EQ,32.35,26440570.3,810865
PGEL,EQ,307.65,5003992.85,15958
PGIL,EQ,115.1,886275.65,7615
PHILIPCARB,EQ,1191.15,370458933.8,310528
PHOENIXLTD,EQ,605.8,8072617.4,13300
PIIND,EQ,870.95,281646215.4,329304
PILANIINVS,BE,2806.7,1565115.2,553
PILITA,BE,15.7,445839.8,28107
PINCON,EQ,35.15,9164020.45,258007
PIONDIST,EQ,181.35,883120.45,4809
PIONEEREMB,EQ,37.85,367171.6,9696
PITTILAM,EQ,88.35,6702360.8,73971
PKTEA,BE,439.6,1353189.15,3032
PLASTIBLEN,EQ,203.45,1183743.4,5812
PNBGILTS,EQ,38.25,10040824.6,262650
PNBHOUSING,EQ,1192.4,428678474.6,360605
PNC,EQ,20.55,26948.65,1312
PNCINFRA,EQ,168.35,22733166.65,133122
POCHIRAJU,BE,5.85,28372.5,4850
PODDARHOUS,EQ,1159.4,12288039.35,10705
PODDARMENT,EQ,287.55,975034.85,3377
POKARNA,EQ,212.35,10695141.6,49746
POLARIS,EQ,469.9,52704664.1,112133
POLYMED,EQ,244.75,2641375.8,10803
POLYPLEX,EQ,489.8,28070350.7,56769
PONNIERODE,EQ,165.35,569215.55,3412
POWERMECH,EQ,868.05,4129354.75,4762
PPAP,EQ,551.8,12490539.7,22423
PRABHAT,EQ,174.6,32645130,186050
PRADIP,BE,2.45,20232,8195
PRAENG,EQ,13.5,786275.85,57935
PRAJIND,EQ,92.3,69253497.8,745576
PRAKASH,EQ,220.05,943490350.1,4194341
PRAKASHCON,EQ,7.65,3903341,506333
PRATIBHA,EQ,7.6,2792694.4,365832
PRAXIS,EQ,184.2,77691300.3,409515
PRECAM,EQ,110.05,3560180.65,32148
PRECOT,EQ,75.6,320634.45,4335
PRECWIRE,EQ,312.5,24077144.6,76175
PREMEXPLN,EQ,391.2,3056503,7693
PREMIER,EQ,29,339869.05,11551
PREMIERPOL,EQ,44.6,697835.1,15580
PRESSMN,EQ,57.65,1845511.65,31747
PRESTIGE,EQ,323.2,69202937.65,213047
PRICOLLTD,EQ,99.6,14590137.45,144187
PRIMESECU,EQ,47.6,2651062.2,54643
PRISMCEM,EQ,123,98338153.35,785561
PROVOGE,EQ,6.15,862855.5,138973
PROZONINTU,EQ,58.2,10473710.3,178198
PSB,EQ,39.6,3855600.3,96713
PSL,BE,4.05,84278.8,20202
PSPPROJECT,EQ,494.15,10339766.2,20769
PSUBNKBEES,EQ,355.65,23201701.16,64978
PTC,EQ,99.3,249185526.8,2507482
PTL,EQ,52.75,349766.15,6625
PULZ,SM,44.5,178100,4000
PUNJABCHEM,EQ,412.5,1575014.05,3821
PUNJLLOYD,EQ,20.35,26832871.2,1308044
PURVA,EQ,142.5,54191387.9,377973
PUSHPREALM,SM,75,150000,2000
PVP,EQ,7.35,3432908.95,465719
PVR,EQ,1402.3,171297095.3,121552
QGOLDHALF,EQ,1370.2,466989.3,342
QNIFTY,EQ,1129.33,129011.8,114
QUESS,EQ,963.75,105304416.4,109385
QUICKHEAL,EQ,305.7,118524151,381897
QUINTEGRA,EQ,1.6,348.7,211
RADAAN,EQ,2.65,1391.25,525
RADICO,EQ,347.85,459092398.2,1305940
RADIOCITY,EQ,358.3,7007314.5,19424
RAIN,EQ,364.7,770475517.2,2091013
RAINBOWPAP,BE,3.05,579444.65,189070
RAJESHEXPO,EQ,803.05,107814835,135074
RAJOIL,BZ,2.95,88889.6,30275
RAJRAYON,BE,0.5,69799.9,144425
RAJSREESUG,EQ,38.35,1480186.55,38191
RAJTV,EQ,53.1,314435.3,5894
RALLIS,EQ,227.2,35688982.35,156535
RAMANEWS,EQ,28.25,645882.05,22888
RAMASTEEL,BE,210.35,22594361.5,109923
RAMCOCEM,EQ,724.7,108149542.4,146203
RAMCOIND,EQ,257.55,14267456.15,54938
RAMCOSYS,EQ,459.65,28200015.15,60288
RAMGOPOLY,BE,7.6,17913.2,2357
RAMKY,EQ,200.25,39079691.6,191721
RAMSARUP,BE,1.8,615.6,342
RANASUG,EQ,6.3,2585531.5,407295
RANEENGINE,EQ,524.4,1293300.75,2449
RANEHOLDIN,EQ,2495.65,6073698.75,2447
RATNAMANI,EQ,920.3,27100170.6,29475
RAYMOND,EQ,929.95,553316145.7,589261
RBL,EQ,1029.55,8616260.1,8271
RBLBANK,EQ,476.45,437306877.8,909124
RCF,EQ,82.9,192267152.8,2298554
RCOM,EQ,28.35,2397531464,84858890
RECLTD,N2,1091,871934.44,802
RECLTD,NE,1150,115000,100
RECLTD,N9,1201.3,991554,825
RECLTD,NF,1230,307250,250
RECLTD,N8,1112.95,135380,120
REDINGTON,EQ,147.45,21315135.45,143623
REFEX,EQ,19.7,739516.85,36440
REGENCERAM,BE,5.75,1326.2,220
RELAXO,EQ,597.75,4739259.35,7932
RELCAPITAL,EQ,482.65,2952559604,6093969
RELCNX100,EQ,110.27,6411.9,58
RELCONS,EQ,50.41,41741.1,827
RELDIVOPP,EQ,28.92,3837.37,133
RELIABLE,SM,56,335900,6000
RELIFIN,N8,1850,873450,472
RELIGARE,EQ,59.95,741748398.6,13007646
RELINFRA,EQ,452.3,1913162199,4262795
REMSONSIND,EQ,94.5,231519.3,2416
RENUKA,EQ,15.5,19830666.5,1273438
REPCOHOME,EQ,555.3,294895962.8,531581
REPRO,EQ,674.55,2569834.15,3761
RESPONIND,EQ,42.4,44463245.55,1019426
REVATHI,EQ,618.05,110182.45,178
RHFL,EQ,73.45,32778666.25,440984
RHFL,N6,996.93,398790.7,400
RICOAUTO,EQ,84.35,25538670.05,298088
RIIL,EQ,486.25,154736105,315698
RJL,EQ,369.95,69433233.6,183419
RKDL,EQ,18.05,108336.1,6002
RKEC,SM,139.25,1687950,12000
RKFORGE,EQ,770.85,25368113.35,32779
RMCL,EQ,27.45,19526028.55,705213
RMDRIP,SM,58,463200,8000
RML,EQ,844.2,6501506.75,7668
RNAM,EQ,282.15,49113028.45,173710
RNAVAL,EQ,39.1,145125101.3,3689624
ROHITFERRO,EQ,4.05,197676.2,49074
ROHLTD,EQ,194.75,4386226.7,22289
ROLLT,EQ,6.15,144598.5,23983
ROLTA,EQ,68,127022388.8,1840503
ROSSELLIND,EQ,105.55,1386100.1,12997
RPGLIFE,EQ,454.6,6476797.2,14086
RPOWER,EQ,44.3,348778182.1,7852360
RPPINFRA,EQ,286.35,30632251,104535
RRSLGETF,EQ,16.7,16800.14,1006
RSSOFTWARE,EQ,65.85,4999616.3,75127
RSWM,EQ,344.4,6399144.55,18725
RSYSTEMS,EQ,39.5,1043411.95,26340
RTNINFRA,EQ,5.9,1558858.5,259775
RTNPOWER,EQ,6.2,20774494.3,3309943
RUBYMILLS,EQ,331,473283.6,1415
RUCHINFRA,BE,4.85,18253.5,3760
RUCHIRA,EQ,185.65,10591302.2,56594
RUCHISOYA,EQ,16.25,12216076.05,746702
RUPA,EQ,436.7,12562073.2,28627
RUSHIL,EQ,910.2,91280396.6,99807
SABEVENTS,BE,12.6,47311.55,3893
SABTN,BE,20.85,1281366.45,60925
SADBHAV,EQ,397.95,48871617.5,124628
SADBHIN,EQ,135.35,14457498.1,106511
SAGCEM,EQ,1002.95,15368081.4,15368
SAKAR,SM,62.05,762450,12000
SAKHTISUG,EQ,21.7,893787.2,40739
SAKSOFT,EQ,237.8,5756057.7,24095
SAKUMA,EQ,198.65,5283213.4,26982
SALASAR,EQ,311.4,14543376.5,46521
SALONA,EQ,124.55,123679.55,977
SALORAINTL,EQ,46.8,14601.9,312
SALSTEEL,EQ,6.9,363902.5,52012
SALZERELEC,EQ,211.45,11467322.45,54443
SAMBHAAV,EQ,11.05,545557.6,49005
SAMTEL,BZ,0.95,1011.75,1065
SANCO,EQ,39.85,1839985,45931
SANDESH,EQ,1137.65,4182659.15,3682
SANGAMIND,EQ,148.65,6782689.9,45272
SANGHIIND,EQ,111.25,56386886.45,505907
SANGHVIFOR,EQ,36.75,434710.4,11846
SANGHVIMOV,EQ,170.45,12061828.4,69489
SANOFI,EQ,4938.4,32985102.35,6695
SANWARIA,EQ,22.35,398725417,17976201
SARDAEN,EQ,504.65,72657946.3,142966
SAREGAMA,EQ,718.4,53942258.2,74029
SARLAPOLY,EQ,60.05,4499317.7,75349
SASKEN,EQ,731.2,15350178.95,20916
SASTASUNDR,EQ,103.5,176303.4,1677
SATHAISPAT,EQ,21.65,2981129.95,134145
SATIN,EQ,453.4,25800581.2,56600
SBILIFE,EQ,689.25,156501639.4,226925
SBIN,N5,11601.11,6997743.31,603
SBIN,N2,11319.17,1132457.03,100
SCAPDVR,BE,7.6,119620.25,15694
SCHAEFFLER,EQ,5393.05,6138161.4,1138
SCHAND,EQ,468.2,3959710.75,8369
SCHNEIDER,EQ,105.75,15993077.7,149279
SCI,EQ,80.1,56088683.7,693983
SDBL,EQ,247.7,49194846.5,193946
SEAMECLTD,EQ,187.25,13678796.4,73642
SECURCRED,SM,209.2,3006780,14400
SELAN,EQ,215.5,8126439.25,37603
SELMCL,EQ,2.6,310898.5,119307
SENSEXIWIN,EQ,357.2,7152.18,20
SEPOWER,EQ,8.65,133763.25,15342
SEQUENT,EQ,74.4,27122496.95,351738
SERVOTECH,SM,35,424000,12000
SESHAPAPER,EQ,878.85,6317770.75,7099
SETCO,EQ,63.8,56477698.6,873854
SETFGOLD,EQ,2811.05,14542813.6,5194
SETFNIF50,EQ,106.33,435708.85,4075
SETFNIFBK,EQ,252.94,327721.51,1287
SETFNN50,EQ,298.88,234685.28,783
SEZAL,BZ,4.2,84,20
SFL,EQ,1600.05,1634908.55,1018
SGBAUG24,GB,2805.24,1188108.64,424
SGBDEC25XI,GB,2725.09,96125.45,35
SGBFEB24,GB,2808.99,30836.92,11
SGBJUL25,GB,2752.64,309643.22,112
SGBMAR24,GB,2771.01,154246.89,55
SGBMAR25,GB,2790,13950,5
SGBMAY25,GB,2770,265363.28,96
SGBNOV23,GB,2800,120795.66,43
SGBNOV24,GB,2787.25,670139.2,240
SGBOCT25,GB,2885,28800,10
SGBOCT25IV,GB,2742,21933,8
SGBSEP24,GB,2801.14,593884.83,212
SGL,EQ,16.7,722017.65,43264
SHAHALLOYS,EQ,22.85,4626602.2,202986
SHAKTIPUMP,EQ,552.05,51306465.85,92167
SHALBY,EQ,232.85,29853385.45,127704
SHALPAINTS,EQ,176.7,2311724.85,13057
SHANKARA,EQ,1741.1,51966596.95,29632
SHANTI,SM,41.5,249000,6000
SHANTIGEAR,EQ,145.95,3394234.05,22974
SHARDACROP,EQ,395.6,3347770,8435
SHARDAMOTR,EQ,2299.2,6835794.65,2951
SHARIABEES,EQ,250,138553.13,532
SHARONBIO,BZ,7.05,368322.4,52186
SHEMAROO,EQ,515.75,6742961.4,13013
SHILPAMED,EQ,477.6,9854196,20526
SHILPI,EQ,11.2,1568796.75,139710
SHIRPUR-G,EQ,159.1,703984.15,4399
SHIVAMAUTO,EQ,80.1,9046899.45,111558
SHIVATEX,EQ,557.25,2945591.9,5363
SHK,EQ,287.7,11480222.25,39648
SHOPERSTOP,EQ,526.1,11280515.6,21438
SHREEPUSHK,EQ,235.45,20996074.55,88200
SHREERAMA,EQ,13,287995.8,22088
SHRENIK,SM,580,48495400,83500
SHREYANIND,EQ,160.8,2731353.55,16769
SHREYAS,EQ,565.9,11176732.2,19430
SHRIPISTON,BE,1712.15,104434.7,61
SHRIRAMCIT,EQ,2047.75,27446145.25,13411
SHRIRAMCIT,NH,930,97650,105
SHRIRAMEPC,EQ,31.8,17071251.9,531353
SHYAMCENT,EQ,12.7,7504590.05,591906
SICAGEN,EQ,43.35,1363762.95,31080
SICAL,EQ,220.95,17825054.9,80920
SIGNET,EQ,8.75,10788035.95,1209142
SIIL,SM,54,1219800,22000
SIKKO,SM,33.2,132800,4000
SIL,BE,22.3,2954.25,130
SILINV,EQ,457.7,14041640.7,30672
SILLYMONKS,SM,154.45,1480680,9600
SIMBHALS,EQ,19.35,270975.05,14120
SIMPLEX,EQ,31.95,997400.15,30852
SIMPLEXINF,EQ,576.05,6321555.7,10968
SINTERCOM,SM,70.5,232307900,3072000
SINTEX,EQ,21.85,40182155.5,1835858
SIS,EQ,1129,22576176.7,19398
SITASHREE,EQ,4.45,187837.9,42035
SITINET,EQ,19.8,6464981.1,325405
SIYSIL,EQ,655.05,6814314.75,10081
SJVN,EQ,37,34189726,923459
SKFINDIA,EQ,1852.8,14968423.05,8059
SKIL,BE,41.7,1798041.35,43591
SKIPPER,EQ,245,38155837.25,155897
SKMEGGPROD,EQ,83.6,3071317.8,36341
SKML,SM,58.5,117000,2000
SKSTEXTILE,SM,83.95,504700,6000
SMARTLINK,EQ,102.1,4211252.2,40950
SMLISUZU,EQ,792.25,8203033.55,10305
SMPL,EQ,1.45,21436.9,15267
SMSLIFE,EQ,399.95,546059.75,1353
SMSPHARMA,EQ,91.95,3296996.85,35715
SNOWMAN,EQ,53.4,36617175.45,676535
SOBHA,EQ,557.85,77436471.4,138796
SOLARINDS,EQ,1055.7,4424025.85,4177
SOLEX,SM,49.75,2520800,50000
SOMANYCERA,EQ,699.6,8021221.2,11468
SOMATEX,EQ,13.9,108097.85,7831
SOMICONVEY,EQ,62.6,469058.85,7451
SONASTEER,EQ,108.3,30987288.45,285047
SONATSOFTW,EQ,335.55,219126815.5,648904
SORILHOLD,EQ,253.85,234268686.1,866720
SORILINFRA,EQ,259.75,76901413.85,288232
SOTL,EQ,1481.2,9669636.55,6449
SOUTHBANK,EQ,26.75,163422362.2,6091837
SPAL,EQ,351.45,6360917,18248
SPARC,EQ,424.1,66342457.6,154321
SPECIALITY,EQ,150.55,20151876.5,129786
SPENTEX,BE,5.9,255699.9,41904
SPHEREGSL,EQ,36.45,824548.55,22389
SPIC,EQ,38.1,61224180.45,1604942
SPICEMOBI,EQ,19.15,1796794.2,93370
SPLIL,EQ,25,237163.5,9328
SPMLINFRA,EQ,119.6,2454928.35,20496
SPTL,EQ,69.45,120237721.7,1714410
SPYL,EQ,0.6,50635.75,79700
SQSBFSI,EQ,533.5,2219517.5,4200
SREEL,EQ,244.4,5711788.45,23160
SREIBNPNCD,NL,1051.3,21026,20
SREIBNPNCD,NP,981,46387,47
SREIBNPNCD,N7,998,139720,140
SREIBNPNCD,NU,1010.3,25244.5,25
SREIBNPNCD,NO,1000,3000,3
SREINFRA,EQ,81,156914399.8,1905074
SREINFRA,Y1,1072,53603,50
SREINFRA,YB,1100,52050,47
SREINFRA,YA,1040.4,41616,40
SREINFRA,Y4,1030,10300,10
SREINFRA,Y9,1065,118190,111
SREINFRA,NX,1040,10400,10
SRF,EQ,1863.95,214851782.2,114543
SRHHYPOLTD,EQ,177.25,1922991.05,10751
SRIPIPES,EQ,368.05,52940581.2,142838
SRIRAM,SM,17.75,1344300,78000
SRPL,SM,31.2,1251400,40000
SRSLTD,EQ,1.15,415957.3,361702
SRTRANSFIN,Y2,1088.5,79460.5,73
SRTRANSFIN,Y9,1119,190490,170
SRTRANSFIN,NX,1005,135431,135
SRTRANSFIN,NZ,809,60587.5,75
SRTRANSFIN,NW,545,2725,5
SRTRANSFIN,YA,1014.26,187390.75,185
SRTRANSFIN,YD,1490,29800,20
SRTRANSFIN,Y6,1700,8500,5
SSWL,EQ,973.7,18865739.6,19292
STAMPEDE,BE,12.3,3212115.6,260985
STAN,DR,65,196203.95,3035
STAR,EQ,725.8,290625133.3,406334
STARCEMENT,EQ,124.45,20255053.75,160449
STARPAPER,EQ,234.4,32740034.75,138609
STCINDIA,EQ,158.15,4587719.75,28733
STEELCITY,SM,103.75,207500,2000
STEELXIND,EQ,33.45,7902283.45,237504
STEL,EQ,106.5,1586020.9,14391
STERLINBIO,EQ,3.7,1007121.6,270483
STERTOOLS,EQ,395.2,4861885,12325
STINDIA,EQ,19,5908.65,307
STRTECH,EQ,347.85,407859746.9,1156055
SUBEX,EQ,9.2,21828573.4,2342029
SUBROS,EQ,342.35,8346163.05,24178
SUDARSCHEM,EQ,439.1,18516018.65,42181
SUJANAUNI,BE,0.95,226216.35,238000
SUMEETINDS,EQ,26.1,13822941.95,519613
SUMMITSEC,EQ,897.1,2168245.3,2425
SUNCLAYLTD,EQ,5009.85,5052913.55,1011
SUNDARAM,EQ,3.8,5683341.1,1478506
SUNDARMFIN,EQ,1645.3,32353483.85,19618
SUNDRMBRAK,EQ,569.35,2263857.9,3913
SUNDRMFAST,EQ,545.4,105713771.2,194559
SUNFLAG,EQ,87.85,115591107.9,1335259
SUNILHITEC,EQ,12.25,14566527.4,1194543
SUNTECK,EQ,408.6,45421248.85,110575
SUPERHOUSE,EQ,157.65,2516027.95,15834
SUPERSPIN,EQ,15.65,1053039.2,66915
SUPPETRO,EQ,343.95,9981505.85,29065
SUPRAJIT,EQ,271.65,18311225.5,67684
SUPREMEIND,EQ,1232.65,181840722.4,148644
SUPREMEINF,EQ,106.55,6591514.6,61823
SUPREMETEX,EQ,2,189151.8,92593
SURANAIND,EQ,3.3,25172.7,7590
SURANASOL,EQ,15.35,1049045.05,67014
SURANAT&P,EQ,5.5,237559.9,43895
SURYALAXMI,EQ,79.45,2992097.9,37406
SURYAROSNI,EQ,450.75,95868638.3,213850
SUTLEJTEX,EQ,82.5,4664549.65,56593
SUVEN,EQ,195.55,35084071.5,177320
SUZLON,EQ,13.15,221034869.7,16775159
SWANENERGY,EQ,194.55,46695582.6,234821
SWARAJENG,EQ,1902.25,4404660.85,2312
SWELECTES,EQ,440.9,2347324.9,5302
SYMPHONY,EQ,1745.2,14870306.6,8495
SYNCOM,EQ,5.8,325506.9,55353
SYNDIBANK,EQ,59.55,268043579.2,4459917
SYNGENE,EQ,581.9,38502504,65646
TAINWALCHM,EQ,107.55,826358.9,7624
TAJGVK,EQ,171.9,9078558.3,52382
TAKE,EQ,167.85,25516931.35,153435
TALBROAUTO,EQ,298.85,10032113.95,32999
TALWALKARS,EQ,294.3,13158431.25,44568
TANLA,EQ,31.5,8454946.15,266488
TANTIACONS,BE,16.2,76112.25,4547
TARAJEWELS,EQ,15.3,935657.5,60968
TARAPUR,EQ,6.35,21710.45,3379
TARMAT,EQ,59.35,2983862.25,49280
TASTYBITE,EQ,7964,8634059.25,1075
TATACHEM,EQ,718.65,627980009.5,875430
TATACOFFEE,EQ,137.9,32942155.35,237694
TATACOMM,EQ,640.05,271515534.9,423687
TATAELXSI,EQ,1002.55,450895965.9,445965
TATAGLOBAL,EQ,275.6,533106593.1,1925414
TATAINVEST,EQ,817.8,24387468.7,30123
TATAMETALI,EQ,813.15,59175680.6,72776
TATAMTRDVR,EQ,208.2,344456633.7,1640778
TATASPONGE,EQ,1053.5,82524343.05,77925
TBZ,EQ,109.6,51338704.9,466008
TCI,EQ,284.25,4904621.1,17119
TCIDEVELOP,EQ,502.2,721077,1402
TCIEXP,EQ,501.25,3608132.15,7142
TCIFINANCE,EQ,26.55,1454555.85,54249
TCPLPACK,EQ,635.1,1911692.25,2968
TDPOWERSYS,EQ,211.25,12695808.35,58865
TEAMLEASE,EQ,2159.95,41480603.85,19215
TECHIN,EQ,11.6,55882.7,4691
TECHNO,EQ,361.8,24519408.4,66770
TECHNOFAB,EQ,232.75,1306628.8,5603
TEJASNET,EQ,348.9,24537982.6,69708
TERASOFT,EQ,60.1,618841.15,10224
TEXINFRA,EQ,61.75,6302619.55,101471
TEXMOPIPES,EQ,22.7,1333829.45,58121
TEXRAIL,EQ,94.1,39325102.85,410832
TFCILTD,EQ,158.2,66598844.4,424595
TFL,EQ,12.85,79548.35,6321
TGBHOTELS,EQ,49.85,1979462.9,39501
THANGAMAYL,EQ,510.95,15611430.7,30515
THEMISMED,EQ,556.7,1286886.85,2300
THERMAX,EQ,1147.85,27598981,23880
THIRUSUGAR,EQ,44.35,1188724.45,26769
THOMASCOOK,EQ,231.15,52945374.8,228373
THYROCARE,EQ,636.9,6579418.35,10288
TI,EQ,18.4,1538592.95,82113
TIDEWATER,EQ,6589.4,8351465.6,1257
TIFIN,EQ,675.8,18280847.7,27282
TIIL,EQ,536.8,7812816.6,14473
TIINDIA,EQ,270.55,23005944.2,85077
TIJARIA,BE,12.25,85721.5,6954
TIL,EQ,528.15,7481598.8,14042
TIMESGTY,EQ,58.9,278503.1,4771
TIMETECHNO,EQ,188.05,35699453,190939
TIMKEN,EQ,806.55,14338026.85,17751
TINPLATE,EQ,238.35,238674948.5,990278
TIPSINDLTD,EQ,85,1250463.5,14651
TIRUMALCHM,EQ,2052.15,176606414.8,84638
TIRUPATIFL,SM,49.2,590800,12000
TMRVL,EQ,138.5,4946738.55,35512
TNPETRO,EQ,61.25,6768907.65,110018
TNPL,EQ,377.5,36692715.7,96058
TNTELE,BE,2.4,480,200
TOKYOPLAST,EQ,110.15,593318.7,5330
TORNTPOWER,EQ,265.65,115970173.1,432799
TOTAL,SM,52.5,635550,12000
TOUCHWOOD,SM,50.2,150600,3000
TPLPLASTEH,EQ,478.8,2016671.75,4188
TREEHOUSE,EQ,13.05,528161.05,40654
TRENT,EQ,319.9,14821686.2,46395
TRF,EQ,230.65,3369675.3,14429
TRIDENT,EQ,75.15,30393783.75,404030
TRIGYN,EQ,154.6,37865145.15,239398
TRIL,EQ,31.4,4718006.65,148213
TRITURBINE,EQ,120.2,10608007.75,88380
TRIVENI,EQ,69.7,39116514.6,558629
TTKHLTCARE,EQ,1296.65,375341497.5,277696
TTKPRESTIG,EQ,7020.55,14668401.7,2083
TTL,EQ,99.2,4613442.35,46294
TTML,EQ,6.45,3838285.2,590955
TULSI,EQ,2.65,3053.1,1054
TV18BRDCST,EQ,54.9,216137782.2,3898451
TVSELECT,EQ,391.35,42791706.45,107944
TVSMOTOR,EQ,654.7,395164238.7,606815
TVSSRICHAK,EQ,3696.5,34205251.2,9331
TVTODAY,EQ,465.6,49176245.7,103134
TVVISION,EQ,18.15,1250718.3,67885
TWL,EQ,130.5,123274824.7,932842
UBL,EQ,1010.4,428218733.9,422993
UCALFUEL,EQ,262,18910855.35,71345
UCOBANK,EQ,28.5,14506356.25,509103
UFLEX,EQ,369.45,33764215.75,90598
UFO,EQ,433.1,6141409.25,14038
UGARSUGAR,EQ,20.9,3204696.9,149904
UJAAS,EQ,21.7,9884068.1,453956
UJJIVAN,EQ,365,293275354,804061
UMANGDAIRY,EQ,94.25,7309866.25,76398
UMESLTD,EQ,1.15,1367.35,1189
UNICHEMLAB,EQ,336.65,42059256.35,123465
UNIENTER,EQ,87.6,260418.15,2932
UNIONBANK,EQ,118.35,920552849,7817508
UNIPLY,EQ,451.35,48662204.5,105368
UNITECH,EQ,7.45,199759144.5,26070888
UNITEDBNK,EQ,14.85,8657526.45,582439
UNITEDPOLY,SM,35,105000,3000
UNITEDTEA,EQ,412.85,451671.8,1103
UNITY,EQ,5.95,130894.25,21898
UNIVCABLES,EQ,156.65,26776125.2,168225
URJA,BE,7.7,6931060.45,898792
USHAMART,EQ,21.8,19106650.8,859415
USHERAGRO,EQ,6.7,230470.3,34086
UTINEXT50,EQ,301,62300.7,208
UTINIFTETF,EQ,1085.85,144894.14,133
UTTAMSTL,BE,21.35,21528272.7,1020372
UTTAMSUGAR,EQ,114.45,8335736.6,70456
UVSL,EQ,0.25,2662233.5,10719031
V2RETAIL,EQ,378.15,25937565.9,67495
VADILALIND,EQ,892.05,25661835.6,28413
VAIBHAVGBL,EQ,689.95,47735655.45,69158
VAKRANGEE,EQ,245.05,1202883796,4908728
VALUEIND,BZ,6.25,31548.5,5041
VARDHACRLC,EQ,47.35,4720988.95,99313
VARDMNPOLY,EQ,27.1,1771819.05,64765
VASA,SM,75.85,2730600,36000
VASCONEQ,EQ,38.65,38716112.5,995090
VASWANI,EQ,16.1,763195.45,47151
VBL,EQ,652,119073461.7,181177
VEDL,P1,10.55,241489.5,22890
VENKEYS,EQ,2797.4,264476472.1,93855
VENUSREM,EQ,78.85,4837217.5,60657
VERTOZ,SM,226.3,8073360,34800
VESUVIUS,EQ,1338.5,10656271.45,7867
VETO,EQ,225.35,28797157.25,126730
VGUARD,EQ,231.8,392450433.6,1708462
VHL,EQ,4681.85,2768087.6,589
VICEROY,EQ,15.7,3558708.15,223923
VIDEOIND,EQ,17.45,19329926.15,1106493
VIDHIING,EQ,84.9,8360358.7,96987
VIJAYABANK,EQ,58.55,67316056.15,1167576
VIJIFIN,BE,7.5,232432.5,30991
VIJSHAN,EQ,24.3,5449883.7,215249
VIKASECO,EQ,37.6,122450467.4,3234119
VIMTALABS,BE,210.35,3580416.9,16989
VINATIORGA,EQ,831.6,6528955.5,7773
VINDHYATEL,EQ,1160.75,13954219.55,11788
VINYLINDIA,EQ,112.45,11173761.9,98462
VIPCLOTHNG,EQ,66.5,5260896.45,78778
VIPIND,EQ,344.65,236177279.1,668731
VIPULLTD,EQ,64.1,2323024,35552
VISAKAIND,EQ,690.05,47804684.25,68110
VISASTEEL,EQ,18.95,245252.5,13016
VISESHINFO,BE,0.2,1142265.55,5065571
VISHNU,EQ,338.25,12275828.35,34890
VIVIDHA,EQ,1.25,586797.2,469426
VIVIMEDLAB,EQ,83.4,58626054.9,692320
VLSFINANCE,EQ,80.55,5242273.45,63994
VMART,EQ,1567.75,9274840.5,5830
VOLTAMP,EQ,1134.85,51444406.85,45420
VOLTAS,EQ,584.65,792167856.9,1359810
VRLLOG,EQ,420.35,20307708.65,47762
VSCL,SM,92.5,277500,3000
VSSL,EQ,146.45,2050478.05,13911
VSTIND,EQ,3318.55,4590241.7,1389
VSTTILLERS,EQ,2647.4,42054606.5,15952
VTL,EQ,1348.65,30822194.05,23094
WABAG,EQ,565.7,28382511.05,50302
WABCOINDIA,EQ,7086.7,18300435.05,2555
WALCHANNAG,EQ,191.5,40823765.9,210227
WANBURY,BE,39.35,474122,12028
WEBELSOLAR,EQ,102,33119503.6,319058
WEIZFOREX,EQ,951.95,12784974.35,13082
WEIZMANIND,EQ,48.55,388703.55,8079
WELCORP,EQ,158.85,90498276.85,559253
WELENT,EQ,169.15,121298578,709899
WELINV,EQ,183.85,295263.1,1606
WELSPUNIND,EQ,64.85,58096250.7,889324
WENDT,EQ,2878.2,1074056.6,371
WHEELS,EQ,2136.25,10962516.75,5213
WHIRLPOOL,EQ,1435.3,12341234,8567
WILLAMAGOR,BE,101.45,719677.85,7122
WINDMACHIN,EQ,105.65,26714561.55,254767
WINSOME,EQ,2.25,333117.5,150209
WIPL,BE,66.7,316121.9,4650
WOCKPHARMA,EQ,790.15,1003610092,1263902
WONDERLA,EQ,385.55,10137179.15,26331
WSI,EQ,6.7,225417.8,33066
WSTCSTPAPR,EQ,273.5,26897843.5,99777
XCHANGING,EQ,59.45,1040820.4,17503
XLENERGY,EQ,2.9,11117.75,3922
XPROINDIA,EQ,56.05,220301.65,3904
ZANDUREALT,EQ,2100.4,3620481.7,1689
ZEEL,P2,9.9,509687.95,51485
ZEELEARN,EQ,42.2,37285573.1,874676
ZEEMEDIA,EQ,43.1,15979526.05,369381
ZENITHBIR,BE,1.45,2280170,1573035
ZENITHEXPO,EQ,50,378708,7078
ZENSARTECH,EQ,902.6,15664643.45,17626
ZENTEC,EQ,119.75,15016947.5,123903
ZICOM,EQ,22.05,3622344.75,163728
ZODIAC,SM,38,851500,22000
ZODIACLOTH,EQ,183.4,1074054,5836
ZODJRDMKJ,EQ,45.7,165943.55,3431
ZOTA,SM,216.7,1731800,8000
ZUARI,EQ,521.8,55311981.45,104800
ZUARIGLOB,EQ,199.35,23857048.55,118096
ZYDUSWELL,EQ,1171.35,5635940.2,4837
ZYLOG,EQ,3.7,230739.05,61851
